fold,AUROC,F1,F2,Recall,Precision,is_best
0,0.7696264437426013,0.515702479338843,0.6972067039106146,0.910948905109489,0.35965417867435157,False
1,0.7638756147308368,0.5174089068825911,0.706545776205219,0.9342105263157895,0.35778275475923854,True
2,0.7713069222764514,0.5110928512736237,0.693267944716897,0.9093567251461988,0.3554285714285714,False
mean,0.7682696602499631,0.5147347458316859,0.6990068082775768,0.9181720521904925,0.35762183495405386,
