,precision,recall,f1-score,support
0.0,0.8774101184566006,0.37396661680182663,0.5244177621364248,101608.0
1.0,0.35630439182351753,0.8689750487425653,0.5053861445826366,40519.0
accuracy,0.515088617926221,0.515088617926221,0.515088617926221,0.515088617926221
macro avg,0.6168572551400591,0.621470832772196,0.5149019533595307,142127.0
weighted avg,0.7288480370966486,0.515088617926221,0.5189920364709147,142127.0
