{
    "balanced_accuracy": 0.933,
    "accuracy": 0.655,
    "best_threshold": 0.5,
    "AUC": 0.755,
    "precision": 0.924,
    "recall": 0.933,
    "f1_score": 0.928,
    "classification_report": {
        "0": {
            "precision": 0.9552657080746968,
            "recall": 0.9742500734567406,
            "f1-score": 0.9646644978708773,
            "support": 37437.0
        },
        "1": {
            "precision": 0.47149122807017546,
            "recall": 0.3348909657320872,
            "f1-score": 0.39162112932604737,
            "support": 2568.0
        },
        "accuracy": 0.9332083489563805,
        "macro avg": {
            "precision": 0.7133784680724361,
            "recall": 0.6545705195944139,
            "f1-score": 0.6781428135984623,
            "support": 40005.0
        },
        "weighted avg": {
            "precision": 0.924211268263383,
            "recall": 0.9332083489563805,
            "f1-score": 0.9278797117085695,
            "support": 40005.0
        }
    }
}