fold,AUROC,F1,F2,Recall,Precision,is_best
0,0.7543076349299377,0.3572402508862831,0.5723523243621111,0.9562043795620438,0.21965124077800133,True
1,0.7759321244143498,0.35443722943722944,0.5697633959638135,0.9576023391812866,0.21746347941567065,False
2,0.7598051002872679,0.35468245425188377,0.5712552011095701,0.9634502923976608,0.21734828496042216,False
mean,0.7633482865438518,0.3554533115251321,0.5711236404784983,0.9590856703803303,0.21815433505136472,
