,precision,recall,f1-score,support
0.0,0.7627708246682043,0.6984264372392542,0.729181915941479,57767.0
1.0,0.6232564174650203,0.696673757493715,0.657923272723122,41368.0
accuracy,0.6976950622887981,0.6976950622887981,0.6976950622887981,0.6976950622887981
macro avg,0.6930136210666122,0.6975500973664845,0.6935525943323004,99135.0
weighted avg,0.7045529198194495,0.6976950622887981,0.6994464284480912,99135.0
