,precision,recall,f1-score,support
0.0,0.8406207360039102,0.41076546453307855,0.5518647512216645,100488.0
1.0,0.3616271171821936,0.8108199574550378,0.5001752149178726,41368.0
accuracy,0.5274292240018047,0.5274292240018047,0.5274292240018047,0.5274292240018047
macro avg,0.6011239265930519,0.6107927109940582,0.5260199830697685,141856.0
weighted avg,0.7009367746387457,0.5274292240018047,0.5367910656686018,141856.0
