{
    "balanced_accuracy": 0.8,
    "accuracy": 0.8,
    "best_threshold": 0.7,
    "AUC": 0.666,
    "precision": 0.13,
    "recall": 0.372,
    "f1_score": 0.193,
    "classification_report": {
        "0": {
            "precision": 0.9506138819999388,
            "recall": 0.8293399577957635,
            "f1-score": 0.8858455305429541,
            "support": 37437.0
        },
        "1": {
            "precision": 0.13003812636165576,
            "recall": 0.3718847352024922,
            "f1-score": 0.19269572235673932,
            "support": 2568.0
        },
        "accuracy": 0.7999750031246095,
        "macro avg": {
            "precision": 0.5403260041807972,
            "recall": 0.6006123464991279,
            "f1-score": 0.5392706264498467,
            "support": 40005.0
        },
        "weighted avg": {
            "precision": 0.8979395027853628,
            "recall": 0.7999750031246095,
            "f1-score": 0.8413508746893809,
            "support": 40005.0
        }
    }
}