{
    "balanced_accuracy": 0.793,
    "accuracy": 0.653,
    "best_threshold": 0.8,
    "AUC": 0.709,
    "precision": 0.907,
    "recall": 0.793,
    "f1_score": 0.839,
    "classification_report": {
        "0": {
            "precision": 0.9589838831528582,
            "recall": 0.8137671287763443,
            "f1-score": 0.8804277147604942,
            "support": 37437.0
        },
        "1": {
            "precision": 0.15357533082432925,
            "recall": 0.492601246105919,
            "f1-score": 0.23415085608514577,
            "support": 2568.0
        },
        "accuracy": 0.7931508561429821,
        "macro avg": {
            "precision": 0.5562796069885937,
            "recall": 0.6531841874411316,
            "f1-score": 0.55728928542282,
            "support": 40005.0
        },
        "weighted avg": {
            "precision": 0.9072831166891747,
            "recall": 0.7931508561429821,
            "f1-score": 0.8389419261571124,
            "support": 40005.0
        }
    }
}