,precision,recall,f1-score,support
0.0,0.7914195662090988,0.6468654136230361,0.7118783165002005,59003.0
1.0,0.5785257706934218,0.7398018572648025,0.6492990521596004,38659.0
accuracy,0.6836538264626979,0.6836538264626979,0.6836538264626979,0.6836538264626979
macro avg,0.6849726684512603,0.6933336354439192,0.6805886843299005,97662.0
weighted avg,0.7071466530920159,0.6836538264626979,0.6871066368280326,97662.0
