{
    "balanced_accuracy": 0.978,
    "accuracy": 0.885,
    "best_threshold": 0.5,
    "AUC": 0.97,
    "precision": 0.977,
    "recall": 0.978,
    "f1_score": 0.977,
    "classification_report": {
        "0": {
            "precision": 0.9806618263055012,
            "recall": 0.995746792372581,
            "f1-score": 0.988146741233161,
            "support": 14107.0
        },
        "1": {
            "precision": 0.9404761904761905,
            "recall": 0.7738775510204081,
            "f1-score": 0.8490819525302284,
            "support": 1225.0
        },
        "accuracy": 0.978019827811114,
        "macro avg": {
            "precision": 0.9605690083908458,
            "recall": 0.8848121716964945,
            "f1-score": 0.9186143468816947,
            "support": 15332.0
        },
        "weighted avg": {
            "precision": 0.9774510642463501,
            "recall": 0.978019827811114,
            "f1-score": 0.9770357076979997,
            "support": 15332.0
        }
    }
}