,precision,recall,f1-score,support
0.0,0.7841223236925893,0.6887843110984576,0.7333678072787575,59711.0
1.0,0.6110634379120534,0.7205508526863941,0.6613060318467009,40519.0
accuracy,0.7016262596029132,0.7016262596029132,0.7016262596029132,0.7016262596029132
macro avg,0.6975928808023213,0.7046675818924258,0.6973369195627293,100230.0
weighted avg,0.7141615036492736,0.7016262596029132,0.7042360994195186,100230.0
