,precision,recall,f1-score,support
0.0,0.8729953337405617,0.7520027647961741,0.8079946742315772,321181.0
1.0,0.6919971539936893,0.8358758302427906,0.757162017507859,214094.0
accuracy,0.7855494839101397,0.7855494839101397,0.7855494839101397,0.7855494839101397
macro avg,0.7824962438671255,0.7939392975194823,0.7825783458697182,535275.0
weighted avg,0.8006014720905185,0.7855494839101397,0.7876631309900515,535275.0
