,precision,recall,f1-score,support
0.0,0.8706787978806566,0.7491382290022139,0.8053487052538024,321141.0
1.0,0.6950338233011694,0.8370870528590577,0.7594750829877664,219338.0
accuracy,0.7848297528673639,0.7848297528673639,0.7848297528673639,0.7848297528673639
macro avg,0.782856310590913,0.7931126409306358,0.7824118941207845,540479.0
weighted avg,0.7993982903413894,0.7848297528673639,0.7867322029279252,540479.0
