,precision,recall,f1-score,support
0.0,0.8762212742534746,0.7490643081142829,0.8076686210401406,323023.0
1.0,0.691937580285951,0.8419339175472266,0.7596017247745465,216245.0
accuracy,0.7863047686864416,0.7863047686864416,0.7863047686864416,0.7863047686864416
macro avg,0.7840794272697128,0.7954991128307547,0.7836351729073435,539268.0
weighted avg,0.8023240146311585,0.7863047686864416,0.7883939264857568,539268.0
