{
    "f1_score": 0.787,
    "f2_score": 0.733,
    "balanced_accuracy": 0.719,
    "accuracy": 0.771,
    "AUC": 0.859,
    "precision": 0.924,
    "recall": 0.719,
    "classification_report": {
        "0": {
            "precision": 0.9817174515235457,
            "recall": 0.7107902125952668,
            "f1-score": 0.8245695672405771,
            "support": 7479.0
        },
        "1": {
            "precision": 0.18346545866364666,
            "recall": 0.8307692307692308,
            "f1-score": 0.300556586270872,
            "support": 585.0
        },
        "accuracy": 0.7194940476190477,
        "macro avg": {
            "precision": 0.5825914550935962,
            "recall": 0.7707797216822487,
            "f1-score": 0.5625630767557246,
            "support": 8064.0
        },
        "weighted avg": {
            "precision": 0.9238085457915218,
            "recall": 0.7194940476190477,
            "f1-score": 0.786555232683623,
            "support": 8064.0
        }
    }
}