,precision,recall,f1-score,support
0.0,0.872437247355554,0.35709827311186626,0.5067699618969953,100933.0
1.0,0.3397368715595397,0.8636798675599472,0.48765134586455183,38659.0
accuracy,0.49739240071064245,0.49739240071064245,0.49739240071064245,0.49739240071064245
macro avg,0.6060870594575468,0.6103890703359067,0.49721065388077357,139592.0
weighted avg,0.724909711193753,0.49739240071064245,0.5014751987501228,139592.0
