{
    "f1_score": 0.875,
    "f2_score": 0.853,
    "balanced_accuracy": 0.846,
    "accuracy": 0.794,
    "AUC": 0.864,
    "precision": 0.926,
    "recall": 0.846,
    "classification_report": {
        "0": {
            "precision": 0.9761795693999084,
            "recall": 0.8549077293393955,
            "f1-score": 0.9115277678762387,
            "support": 7478.0
        },
        "1": {
            "precision": 0.2838283828382838,
            "recall": 0.7337883959044369,
            "f1-score": 0.40932889100428366,
            "support": 586.0
        },
        "accuracy": 0.8461061507936508,
        "macro avg": {
            "precision": 0.6300039761190961,
            "recall": 0.7943480626219162,
            "f1-score": 0.6604283294402612,
            "support": 8064.0
        },
        "weighted avg": {
            "precision": 0.9258673427970918,
            "recall": 0.8461061507936508,
            "f1-score": 0.8750336530638669,
            "support": 8064.0
        }
    }
}