fold,AUROC,F1,F2,Recall,Precision,is_best
0,0.8599501883943678,0.5619226553937686,0.7478953071601233,0.9596256684491978,0.397276953730352,True
1,0.8562239077324107,0.5535645023659918,0.7399112438306167,0.9540106951871657,0.3899027428696317,False
2,0.8592771281455487,0.5613347955506814,0.746894021512549,0.9580213903743315,0.3969643252825172,False
mean,0.858483741424109,0.5589406511034806,0.7449001908344298,0.9572192513368983,0.39471467396083365,
