fold,AUROC,F1,F2,Recall,Precision,is_best
0,0.9951672202991639,0.969363707776905,0.9815462933503023,0.9898395721925134,0.9497178040020523,False
1,0.9957183864201639,0.9716684155299056,0.9828061982593929,0.9903743315508021,0.9536560247167868,False
2,0.9962325415806499,0.9694277501959759,0.9828335276041115,0.9919786096256684,0.9478794072560041,True
mean,0.9957060494333257,0.9701532911675955,0.9823953397379355,0.9907308377896613,0.9504177453249477,
