,precision,recall,f1-score,support
0,0.9003767187794312,0.9763874420409747,0.9368428273246642,48957.0
1,0.23595505617977527,0.06323060573857599,0.09973459980444196,5646.0
accuracy,0.8819661923337545,0.8819661923337545,0.8819661923337545,0.8819661923337545
macro avg,0.5681658874796032,0.5198090238897753,0.5182887135645531,54603.0
weighted avg,0.8316749128889551,0.8819661923337545,0.8502850731247269,54603.0
