{
    "accuracy": 6.419,
    "best_threshold": 0.10000000149011612,
    "AUC": 0.652,
    "precision": 0.064,
    "recall": 1.0,
    "f1_score": 0.121,
    "classification_report": {
        "0": {
            "precision": 0.0,
            "recall": 0.0,
            "f1-score": 0.0,
            "support": 37437.0
        },
        "1": {
            "precision": 0.06419197600299963,
            "recall": 1.0,
            "f1-score": 0.12063984215347756,
            "support": 2568.0
        },
        "accuracy": 0.06419197600299963,
        "macro avg": {
            "precision": 0.03209598800149981,
            "recall": 0.5,
            "f1-score": 0.06031992107673878,
            "support": 40005.0
        },
        "weighted avg": {
            "precision": 0.00412060978316968,
            "recall": 0.06419197600299963,
            "f1-score": 0.007744109852521695,
            "support": 40005.0
        }
    }
}