{
    "balanced_accuracy": 0.878,
    "accuracy": 0.697,
    "best_threshold": 0.5,
    "AUC": 0.778,
    "precision": 0.918,
    "recall": 0.878,
    "f1_score": 0.894,
    "classification_report": {
        "0": {
            "precision": 0.9627428116378942,
            "recall": 0.9042124101824398,
            "f1-score": 0.9325601256232954,
            "support": 37437.0
        },
        "1": {
            "precision": 0.2597027250206441,
            "recall": 0.4898753894080997,
            "f1-score": 0.3394495412844037,
            "support": 2568.0
        },
        "accuracy": 0.8776152980877391,
        "macro avg": {
            "precision": 0.6112227683292691,
            "recall": 0.6970438997952697,
            "f1-score": 0.6360048334538495,
            "support": 40005.0
        },
        "weighted avg": {
            "precision": 0.9176132792686129,
            "recall": 0.8776152980877391,
            "f1-score": 0.894487185226288,
            "support": 40005.0
        }
    }
}