{
    "f1_score": 0.823,
    "f2_score": 0.783,
    "balanced_accuracy": 0.771,
    "accuracy": 0.753,
    "AUC": 0.836,
    "precision": 0.918,
    "recall": 0.771,
    "classification_report": {
        "0": {
            "precision": 0.9735912531539108,
            "recall": 0.7740037443166622,
            "f1-score": 0.8624003575951724,
            "support": 7478.0
        },
        "1": {
            "precision": 0.20245398773006135,
            "recall": 0.7320819112627986,
            "f1-score": 0.31719038817005546,
            "support": 586.0
        },
        "accuracy": 0.7709573412698413,
        "macro avg": {
            "precision": 0.588022620441986,
            "recall": 0.7530428277897304,
            "f1-score": 0.589795372882614,
            "support": 8064.0
        },
        "weighted avg": {
            "precision": 0.9175537484988543,
            "recall": 0.7709573412698413,
            "f1-score": 0.8227806847178015,
            "support": 8064.0
        }
    }
}